{"stat.pickup.minecraft.pumpkin":2,"stat.walkOneCm":49960,"stat.craftItem.minecraft.bed":1,"stat.pickup.minecraft.bone":1,"stat.useItem.minecraft.torch":6,"stat.leaveGame":1,"stat.pickup.minecraft.arrow":1,"stat.pickup.minecraft.crafting_table":7,"stat.mineBlock.minecraft.pumpkin":2,"stat.useItem.minecraft.cobblestone":3,"stat.craftItem.minecraft.crafting_table":1,"stat.furnaceInteraction":9,"stat.mineBlock.minecraft.double_plant":18,"stat.mineBlock.minecraft.coal_ore":74,"stat.mineBlock.minecraft.red_mushroom_block":3,"stat.pickup.minecraft.log":26,"stat.useItem.minecraft.mutton":2,"stat.jump":414,"stat.swimOneCm":3030,"stat.pickup.minecraft.coal":72,"stat.fallOneCm":7007,"stat.useItem.minecraft.planks":4,"stat.craftItem.minecraft.shield":1,"stat.pickup.minecraft.beef":19,"stat.useItem.minecraft.cooked_mutton":3,"stat.pickup.minecraft.furnace":2,"stat.craftItem.minecraft.stone_slab2":0,"stat.useItem.minecraft.stone_axe":9,"stat.pickup.minecraft.porkchop":9,"stat.pickup.minecraft.stone":1,"stat.crouchOneCm":6634,"stat.craftItem.minecraft.torch":12,"stat.craftItem.minecraft.iron_ingot":2,"stat.pickup.minecraft.sapling":7,"stat.pickup.minecraft.dirt":21,"stat.useItem.minecraft.dirt":2,"stat.sprintOneCm":66381,"stat.pickup.minecraft.red_mushroom":1,"stat.useItem.minecraft.stone_slab2":18,"stat.craftItem.minecraft.stick":28,"stat.craftItem.minecraft.wooden_axe":1,"stat.craftingTableInteraction":12,"stat.pickup.minecraft.iron_ore":2,"stat.killEntity.Skeleton":1,"stat.craftItem.minecraft.furnace":1,"stat.useItem.minecraft.sapling":1,"stat.craftItem.minecraft.planks":104,"stat.craftItem.minecraft.stone_axe":1,"stat.mineBlock.minecraft.leaves2":37,"stat.mineBlock.minecraft.crafting_table":7,"stat.pickup.minecraft.leather":6,"stat.damageTaken":60,"stat.craftItem.minecraft.stone_pickaxe":2,"stat.mineBlock.minecraft.furnace":2,"stat.useItem.minecraft.wooden_pickaxe":3,"stat.mobKills":19,"stat.pickup.minecraft.cobblestone":92,"stat.craftItem.minecraft.wooden_sword":1,"stat.mineBlock.minecraft.log":26,"stat.pickup.minecraft.log2":1,"stat.pickup.minecraft.planks":4,"stat.pickup.minecraft.reeds":3,"stat.craftItem.minecraft.stone_sword":1,"stat.flyOneCm":62814,"stat.pickup.minecraft.bed":2,"stat.mineBlock.minecraft.planks":4,"stat.pickup.minecraft.wheat_seeds":18,"stat.pickup.minecraft.brown_mushroom":2,"stat.mineBlock.minecraft.leaves":15,"stat.playOneMinute":24089,"stat.useItem.minecraft.wooden_sword":50,"stat.killEntity.Sheep":3,"stat.useItem.minecraft.stone_pickaxe":167,"stat.sneakTime":2433,"stat.useItem.minecraft.stone_sword":11,"stat.pickup.minecraft.wool":3,"stat.damageDealt":2105,"stat.mineBlock.minecraft.brown_mushroom_block":3,"stat.mineBlock.minecraft.iron_ore":2,"stat.sleepInBed":1,"stat.killEntity.Zombie":1,"stat.timeSinceDeath":24089,"stat.useItem.minecraft.wooden_axe":64,"stat.killEntity.Cow":10,"stat.mineBlock.minecraft.dirt":1,"stat.killEntity.Pig":4,"stat.craftItem.minecraft.wooden_pickaxe":1,"stat.mineBlock.minecraft.stone":93,"stat.mineBlock.minecraft.tallgrass":154,"stat.craftItem.minecraft.cooked_mutton":3,"stat.diveOneCm":4123,"stat.pickup.minecraft.mutton":5}