{"stat.pickup.minecraft.bone":10,"stat.leaveGame":5,"stat.mineBlock.minecraft.pumpkin":2,"stat.mineBlock.minecraft.cobblestone":3,"stat.pickup.minecraft.stone_pickaxe":1,"stat.mineBlock.minecraft.sandstone":2,"stat.useItem.minecraft.mutton":2,"stat.swimOneCm":52849,"stat.useItem.minecraft.planks":4,"stat.craftItem.minecraft.shield":1,"stat.pickup.minecraft.cooked_porkchop":5,"stat.pickup.minecraft.porkchop":9,"stat.useItem.minecraft.dirt":22,"stat.useItem.minecraft.stone_slab2":55,"stat.pickup.minecraft.rotten_flesh":2,"stat.pickup.minecraft.sand":25,"stat.craftItem.minecraft.furnace":2,"stat.craftItem.minecraft.stone_axe":1,"stat.craftItem.minecraft.stone_pickaxe":3,"stat.pickup.minecraft.cobblestone":285,"stat.craftItem.minecraft.stone_sword":1,"stat.flyOneCm":223640,"stat.pickup.minecraft.sandstone":2,"stat.pickup.minecraft.brown_mushroom":4,"stat.mineBlock.minecraft.sand":25,"stat.drop.minecraft.wheat_seeds":2,"stat.mineBlock.minecraft.iron_ore":10,"stat.timeSinceDeath":13875,"stat.craftItem.minecraft.wooden_pickaxe":3,"stat.pickup.minecraft.mutton":9,"stat.craftItem.minecraft.bed":2,"stat.furnaceInteraction":13,"stat.useItem.minecraft.cooked_porkchop":4,"stat.mineBlock.minecraft.coal_ore":143,"stat.pickup.srparasites.lurecomponent1":6,"stat.pickup.minecraft.shield":1,"stat.pickup.minecraft.wooden_sword":2,"stat.mineBlock.minecraft.red_mushroom_block":3,"stat.pickup.minecraft.beef":29,"stat.useItem.minecraft.cooked_mutton":3,"stat.pickup.minecraft.furnace":4,"stat.craftItem.minecraft.stone_slab2":0,"stat.killEntity.Squid":1,"stat.sprintOneCm":168955,"stat.craftItem.minecraft.stick":40,"stat.craftItem.minecraft.wooden_axe":2,"stat.mineBlock.minecraft.crafting_table":10,"stat.useItem.minecraft.beef":2,"stat.mineBlock.minecraft.planks":4,"stat.deaths":7,"stat.drop":3,"stat.playOneMinute":72137,"stat.useItem.minecraft.wooden_sword":99,"stat.killEntity.Sheep":6,"stat.mineBlock.minecraft.brown_mushroom_block":3,"stat.killEntity.Zombie":2,"stat.mineBlock.minecraft.tallgrass":171,"stat.craftItem.minecraft.cooked_mutton":3,"stat.diveOneCm":22466,"stat.chestOpened":7,"stat.pickup.minecraft.pumpkin":4,"stat.pickup.minecraft.arrow":2,"stat.craftItem.minecraft.cooked_porkchop":9,"stat.jump":1280,"stat.useItem.minecraft.sand":1,"stat.pickup.minecraft.coal":208,"stat.fallOneCm":22794,"stat.pickup.minecraft.iron_ingot":1,"stat.useItem.minecraft.stone_axe":10,"stat.crouchOneCm":23388,"stat.craftItem.minecraft.torch":24,"stat.craftItem.minecraft.iron_ingot":2,"stat.craftItem.minecraft.chest":1,"stat.pickup.minecraft.dirt":100,"stat.pickup.minecraft.red_mushroom":2,"stat.craftingTableInteraction":24,"stat.pickup.minecraft.iron_ore":18,"stat.useItem.minecraft.sapling":4,"stat.mineBlock.minecraft.leaves2":37,"stat.pickup.minecraft.leather":16,"stat.damageTaken":2032,"stat.mineBlock.minecraft.furnace":3,"stat.useItem.minecraft.wooden_pickaxe":26,"stat.craftItem.minecraft.wooden_sword":3,"stat.pickup.minecraft.log2":1,"stat.pickup.minecraft.dye":3,"stat.pickup.minecraft.planks":72,"stat.pickup.minecraft.reeds":6,"stat.pickup.minecraft.bed":5,"stat.pickup.minecraft.wheat_seeds":20,"stat.useItem.minecraft.stone_pickaxe":349,"stat.useItem.minecraft.stone_sword":40,"stat.damageDealt":5377,"stat.sleepInBed":2,"stat.killEntity.Cow":16,"stat.mineBlock.minecraft.dirt":61,"stat.killEntity.Pig":4,"stat.walkOneCm":115271,"stat.useItem.minecraft.torch":22,"stat.pickup.minecraft.stick":3,"stat.pickup.minecraft.crafting_table":11,"stat.useItem.minecraft.cobblestone":25,"stat.craftItem.minecraft.crafting_table":5,"stat.mineBlock.minecraft.double_plant":18,"stat.pickup.minecraft.log":65,"stat.pickup.minecraft.stone":1,"stat.drop.minecraft.sapling":2,"stat.pickup.minecraft.sapling":29,"stat.killEntity.Skeleton":3,"stat.craftItem.minecraft.planks":184,"stat.pickup.minecraft.stone_sword":1,"stat.mobKills":44,"stat.mineBlock.minecraft.log":65,"stat.mineBlock.minecraft.leaves":30,"stat.sneakTime":10573,"stat.pickup.minecraft.wool":6,"stat.useItem.minecraft.wooden_axe":101,"stat.mineBlock.minecraft.stone":214}