{"stat.pickup.minecraft.bone":10,"stat.leaveGame":4,"stat.mineBlock.minecraft.pumpkin":2,"stat.mineBlock.minecraft.cobblestone":3,"stat.pickup.minecraft.stone_pickaxe":1,"stat.useItem.minecraft.mutton":2,"stat.swimOneCm":11786,"stat.useItem.minecraft.planks":4,"stat.craftItem.minecraft.shield":1,"stat.pickup.minecraft.cooked_porkchop":5,"stat.pickup.minecraft.porkchop":9,"stat.useItem.minecraft.dirt":2,"stat.useItem.minecraft.stone_slab2":24,"stat.pickup.minecraft.rotten_flesh":2,"stat.craftItem.minecraft.furnace":1,"stat.craftItem.minecraft.stone_axe":1,"stat.craftItem.minecraft.stone_pickaxe":3,"stat.pickup.minecraft.cobblestone":266,"stat.craftItem.minecraft.stone_sword":1,"stat.flyOneCm":133259,"stat.pickup.minecraft.brown_mushroom":4,"stat.drop.minecraft.wheat_seeds":1,"stat.mineBlock.minecraft.iron_ore":10,"stat.timeSinceDeath":72,"stat.craftItem.minecraft.wooden_pickaxe":1,"stat.pickup.minecraft.mutton":5,"stat.craftItem.minecraft.bed":1,"stat.furnaceInteraction":13,"stat.useItem.minecraft.cooked_porkchop":4,"stat.mineBlock.minecraft.coal_ore":143,"stat.pickup.srparasites.lurecomponent1":2,"stat.pickup.minecraft.shield":1,"stat.mineBlock.minecraft.red_mushroom_block":3,"stat.pickup.minecraft.beef":19,"stat.useItem.minecraft.cooked_mutton":3,"stat.pickup.minecraft.furnace":4,"stat.craftItem.minecraft.stone_slab2":0,"stat.sprintOneCm":128070,"stat.craftItem.minecraft.stick":28,"stat.craftItem.minecraft.wooden_axe":1,"stat.mineBlock.minecraft.crafting_table":8,"stat.mineBlock.minecraft.planks":4,"stat.deaths":2,"stat.drop":1,"stat.playOneMinute":47192,"stat.useItem.minecraft.wooden_sword":50,"stat.killEntity.Sheep":3,"stat.mineBlock.minecraft.brown_mushroom_block":3,"stat.killEntity.Zombie":1,"stat.mineBlock.minecraft.tallgrass":168,"stat.craftItem.minecraft.cooked_mutton":3,"stat.diveOneCm":8704,"stat.pickup.minecraft.pumpkin":4,"stat.pickup.minecraft.arrow":2,"stat.craftItem.minecraft.cooked_porkchop":9,"stat.jump":828,"stat.pickup.minecraft.coal":208,"stat.fallOneCm":13980,"stat.pickup.minecraft.iron_ingot":1,"stat.useItem.minecraft.stone_axe":10,"stat.crouchOneCm":13586,"stat.craftItem.minecraft.torch":24,"stat.craftItem.minecraft.iron_ingot":2,"stat.pickup.minecraft.dirt":39,"stat.pickup.minecraft.red_mushroom":2,"stat.craftingTableInteraction":13,"stat.pickup.minecraft.iron_ore":18,"stat.useItem.minecraft.sapling":2,"stat.mineBlock.minecraft.leaves2":37,"stat.pickup.minecraft.leather":12,"stat.damageTaken":780,"stat.mineBlock.minecraft.furnace":3,"stat.useItem.minecraft.wooden_pickaxe":3,"stat.craftItem.minecraft.wooden_sword":1,"stat.pickup.minecraft.log2":1,"stat.pickup.minecraft.planks":68,"stat.pickup.minecraft.reeds":6,"stat.pickup.minecraft.bed":2,"stat.pickup.minecraft.wheat_seeds":19,"stat.useItem.minecraft.stone_pickaxe":349,"stat.useItem.minecraft.stone_sword":40,"stat.damageDealt":3381,"stat.sleepInBed":1,"stat.killEntity.Cow":10,"stat.mineBlock.minecraft.dirt":1,"stat.killEntity.Pig":4,"stat.walkOneCm":88896,"stat.useItem.minecraft.torch":22,"stat.pickup.minecraft.crafting_table":9,"stat.useItem.minecraft.cobblestone":25,"stat.craftItem.minecraft.crafting_table":1,"stat.mineBlock.minecraft.double_plant":18,"stat.pickup.minecraft.log":26,"stat.pickup.minecraft.stone":1,"stat.pickup.minecraft.sapling":12,"stat.killEntity.Skeleton":3,"stat.craftItem.minecraft.planks":104,"stat.pickup.minecraft.stone_sword":1,"stat.mobKills":27,"stat.mineBlock.minecraft.log":26,"stat.mineBlock.minecraft.leaves":15,"stat.sneakTime":5162,"stat.pickup.minecraft.wool":3,"stat.useItem.minecraft.wooden_axe":64,"stat.mineBlock.minecraft.stone":195}