{"stat.pickup.minecraft.pumpkin":2,"stat.walkOneCm":24250,"stat.leaveGame":1,"stat.pickup.minecraft.crafting_table":4,"stat.mineBlock.minecraft.pumpkin":2,"stat.craftItem.minecraft.crafting_table":1,"stat.mineBlock.minecraft.double_plant":18,"stat.pickup.minecraft.log":26,"stat.useItem.minecraft.mutton":2,"stat.jump":282,"stat.swimOneCm":2088,"stat.fallOneCm":5424,"stat.pickup.minecraft.beef":19,"stat.pickup.minecraft.porkchop":9,"stat.crouchOneCm":1246,"stat.pickup.minecraft.sapling":6,"stat.pickup.minecraft.dirt":1,"stat.sprintOneCm":51694,"stat.useItem.minecraft.stone_slab2":8,"stat.craftItem.minecraft.stick":28,"stat.craftItem.minecraft.wooden_axe":1,"stat.craftingTableInteraction":4,"stat.useItem.minecraft.sapling":1,"stat.craftItem.minecraft.planks":104,"stat.mineBlock.minecraft.crafting_table":4,"stat.pickup.minecraft.leather":6,"stat.mobKills":17,"stat.craftItem.minecraft.wooden_sword":1,"stat.mineBlock.minecraft.log":26,"stat.pickup.minecraft.reeds":3,"stat.flyOneCm":50452,"stat.pickup.minecraft.wheat_seeds":18,"stat.mineBlock.minecraft.leaves":15,"stat.playOneMinute":11489,"stat.useItem.minecraft.wooden_sword":50,"stat.killEntity.Sheep":3,"stat.sneakTime":613,"stat.pickup.minecraft.wool":3,"stat.damageDealt":1620,"stat.timeSinceDeath":11489,"stat.useItem.minecraft.wooden_axe":64,"stat.killEntity.Cow":10,"stat.mineBlock.minecraft.dirt":1,"stat.killEntity.Pig":4,"stat.craftItem.minecraft.wooden_pickaxe":1,"stat.mineBlock.minecraft.tallgrass":154,"stat.diveOneCm":3804,"stat.pickup.minecraft.mutton":5}